Datetime,Water Level (m)
2025-04-28 00:00:00,-0.02460372
2025-04-28 01:00:00,0.6806554
2025-04-28 02:00:00,1.2350218
2025-04-28 03:00:00,1.5353669
2025-04-28 04:00:00,1.4577748
2025-04-28 05:00:00,1.00847
2025-04-28 06:00:00,0.2809524
2025-04-28 07:00:00,-0.52984405
2025-04-28 08:00:00,-1.1889863
2025-04-28 09:00:00,-1.534223
2025-04-28 10:00:00,-1.4353029
2025-04-28 11:00:00,-0.9425068
2025-04-28 12:00:00,-0.24406287
2025-04-28 13:00:00,0.4479639
2025-04-28 14:00:00,0.9499371
2025-04-28 15:00:00,1.193473
2025-04-28 16:00:00,1.106887
2025-04-28 17:00:00,0.7011692
2025-04-28 18:00:00,0.073386274
2025-04-28 19:00:00,-0.64291334
2025-04-28 20:00:00,-1.2695158
2025-04-28 21:00:00,-1.6694881
2025-04-28 22:00:00,-1.6653281
2025-04-28 23:00:00,-1.203152
2025-04-29 00:00:00,-0.4685717
2025-04-29 01:00:00,0.31415686
2025-04-29 02:00:00,0.96006644
2025-04-29 03:00:00,1.4032766
2025-04-29 04:00:00,1.5390854
2025-04-29 05:00:00,1.3027577
2025-04-29 06:00:00,0.7642411
2025-04-29 07:00:00,0.04453969
2025-04-29 08:00:00,-0.6668472
2025-04-29 09:00:00,-1.2310823
2025-04-29 10:00:00,-1.4838265
2025-04-29 11:00:00,-1.3038548
2025-04-29 12:00:00,-0.76691604
2025-04-29 13:00:00,-0.07819167
2025-04-29 14:00:00,0.5497157
2025-04-29 15:00:00,0.98082036
2025-04-29 16:00:00,1.1213437
2025-04-29 17:00:00,0.9133998
2025-04-29 18:00:00,0.4552883
2025-04-29 19:00:00,-0.17218299
2025-04-29 20:00:00,-0.81547624
2025-04-29 21:00:00,-1.3383089
2025-04-29 22:00:00,-1.5971172
2025-04-29 23:00:00,-1.4545283
2025-04-30 00:00:00,-0.92757946
2025-04-30 01:00:00,-0.21668783
2025-04-30 02:00:00,0.47770727
2025-04-30 03:00:00,1.047868
2025-04-30 04:00:00,1.4197912
2025-04-30 05:00:00,1.4554737
2025-04-30 06:00:00,1.124661
2025-04-30 07:00:00,0.5430591
2025-04-30 08:00:00,-0.1340138
2025-04-30 09:00:00,-0.7525187
2025-04-30 10:00:00,-1.2089537
2025-04-30 11:00:00,-1.3303994
2025-04-30 12:00:00,-1.0698001
2025-04-30 13:00:00,-0.55118996
2025-04-30 14:00:00,0.038184162
2025-04-30 15:00:00,0.5301247
2025-04-30 16:00:00,0.82767576
2025-04-30 17:00:00,0.8968036
2025-04-30 18:00:00,0.6879373
2025-04-30 19:00:00,0.24113284
2025-04-30 20:00:00,-0.32861996
2025-04-30 21:00:00,-0.8625808
2025-04-30 22:00:00,-1.2590837
2025-04-30 23:00:00,-1.4115462
2025-05-01 00:00:00,-1.1928086
2025-05-01 01:00:00,-0.6544028
2025-05-01 02:00:00,0.02035478
2025-05-01 03:00:00,0.6255098
2025-05-01 04:00:00,1.0635679
2025-05-01 05:00:00,1.2681386
2025-05-01 06:00:00,1.1959683
2025-05-01 07:00:00,0.8714007
2025-05-01 08:00:00,0.35865068
2025-05-01 09:00:00,-0.21512042
2025-05-01 10:00:00,-0.72528225
2025-05-01 11:00:00,-1.0780991
2025-05-01 12:00:00,-1.1337477
2025-05-01 13:00:00,-0.8870252
2025-05-01 14:00:00,-0.4267188
2025-05-01 15:00:00,0.07741227
2025-05-01 16:00:00,0.45682067
2025-05-01 17:00:00,0.65916693
2025-05-01 18:00:00,0.66964775
2025-05-01 19:00:00,0.4408603
2025-05-01 20:00:00,0.041584976
2025-05-01 21:00:00,-0.41319534
2025-05-01 22:00:00,-0.8105395
2025-05-01 23:00:00,-1.091103
2025-05-02 00:00:00,-1.1526697
2025-05-02 01:00:00,-0.91430587
2025-05-02 02:00:00,-0.4518809
2025-05-02 03:00:00,0.07660849
2025-05-02 04:00:00,0.5696789
2025-05-02 05:00:00,0.96436787
2025-05-02 06:00:00,1.1171992
2025-05-02 07:00:00,0.98688626
2025-05-02 08:00:00,0.6745133
2025-05-02 09:00:00,0.24925181
2025-05-02 10:00:00,-0.22385125
2025-05-02 11:00:00,-0.6467646
2025-05-02 12:00:00,-0.9060208
2025-05-02 13:00:00,-0.9005354
2025-05-02 14:00:00,-0.6792852
2025-05-02 15:00:00,-0.32181692
2025-05-02 16:00:00,0.04739882
2025-05-02 17:00:00,0.33583444
2025-05-02 18:00:00,0.50492406
2025-05-02 19:00:00,0.4954606
2025-05-02 20:00:00,0.3005254
2025-05-02 21:00:00,0.0011477781
2025-05-02 22:00:00,-0.31357187
2025-05-02 23:00:00,-0.618556
2025-05-03 00:00:00,-0.84844965
2025-05-03 01:00:00,-0.87606114
2025-05-03 02:00:00,-0.6368219
2025-05-03 03:00:00,-0.25589767
2025-05-03 04:00:00,0.13874492
2025-05-03 05:00:00,0.5013199
2025-05-03 06:00:00,0.78525805
2025-05-03 07:00:00,0.89261854
2025-05-03 08:00:00,0.77627856
2025-05-03 09:00:00,0.52485234
2025-05-03 10:00:00,0.21095341
2025-05-03 11:00:00,-0.14481118
2025-05-03 12:00:00,-0.48431906
2025-05-03 13:00:00,-0.69035465
2025-05-03 14:00:00,-0.68610615
2025-05-03 15:00:00,-0.5514892
2025-05-03 16:00:00,-0.34041816
2025-05-03 17:00:00,-0.0915915
2025-05-03 18:00:00,0.17375578
2025-05-03 19:00:00,0.35049206
2025-05-03 20:00:00,0.3495459
2025-05-03 21:00:00,0.22893785
2025-05-03 22:00:00,0.06315633
2025-05-03 23:00:00,-0.1515733
2025-05-04 00:00:00,-0.41005775
